{"errors":[],"warnings":[],"namedChunkGroups":{"app":{"chunks":[12,3],"assets":["webpack-runtime-cc10bfb8a258132ee225.js","webpack-runtime-cc10bfb8a258132ee225.js.map","app-3aade23fd0269ece11c8.js","app-3aade23fd0269ece11c8.js.map"],"children":{},"childAssets":{}},"component---node-modules-gatsby-plugin-offline-app-shell-js":{"chunks":[4],"assets":["component---node-modules-gatsby-plugin-offline-app-shell-js-28a1e4819dd697d96f36.js","component---node-modules-gatsby-plugin-offline-app-shell-js-28a1e4819dd697d96f36.js.map"],"children":{},"childAssets":{}},"component---src-templates-blog-post-tsx":{"chunks":[0,2,1,10],"assets":["0.b6f197430f783b3e67aa.css","0-0ee7eff40466400be16c.js","0-0ee7eff40466400be16c.js.map","2-0c4674fb34c0d86331e7.js","2-0c4674fb34c0d86331e7.js.map","1.167869f1fbf881085fa7.css","1-2d6d4c49b2b6f68f4700.js","1-2d6d4c49b2b6f68f4700.js.map","component---src-templates-blog-post-tsx-44dae7cbd21516218b94.js","component---src-templates-blog-post-tsx-44dae7cbd21516218b94.js.map"],"children":{},"childAssets":{}},"component---src-templates-tags-page-tsx":{"chunks":[0,2,1,11],"assets":["0.b6f197430f783b3e67aa.css","0-0ee7eff40466400be16c.js","0-0ee7eff40466400be16c.js.map","2-0c4674fb34c0d86331e7.js","2-0c4674fb34c0d86331e7.js.map","1.167869f1fbf881085fa7.css","1-2d6d4c49b2b6f68f4700.js","1-2d6d4c49b2b6f68f4700.js.map","component---src-templates-tags-page-tsx-601fcafc4be156485c57.js","component---src-templates-tags-page-tsx-601fcafc4be156485c57.js.map"],"children":{},"childAssets":{}},"component---src-templates-blog-page-tsx":{"chunks":[0,2,1,9],"assets":["0.b6f197430f783b3e67aa.css","0-0ee7eff40466400be16c.js","0-0ee7eff40466400be16c.js.map","2-0c4674fb34c0d86331e7.js","2-0c4674fb34c0d86331e7.js.map","1.167869f1fbf881085fa7.css","1-2d6d4c49b2b6f68f4700.js","1-2d6d4c49b2b6f68f4700.js.map","component---src-templates-blog-page-tsx-debc00c45ad27b7e2061.js","component---src-templates-blog-page-tsx-debc00c45ad27b7e2061.js.map"],"children":{},"childAssets":{}},"component---src-pages-404-tsx":{"chunks":[0,1,5],"assets":["0.b6f197430f783b3e67aa.css","0-0ee7eff40466400be16c.js","0-0ee7eff40466400be16c.js.map","1.167869f1fbf881085fa7.css","1-2d6d4c49b2b6f68f4700.js","1-2d6d4c49b2b6f68f4700.js.map","component---src-pages-404-tsx-a1ade9759096664d0163.js","component---src-pages-404-tsx-a1ade9759096664d0163.js.map"],"children":{},"childAssets":{}},"component---src-pages-about-tsx":{"chunks":[0,1,6],"assets":["0.b6f197430f783b3e67aa.css","0-0ee7eff40466400be16c.js","0-0ee7eff40466400be16c.js.map","1.167869f1fbf881085fa7.css","1-2d6d4c49b2b6f68f4700.js","1-2d6d4c49b2b6f68f4700.js.map","component---src-pages-about-tsx-e8f04f7e6c44c812ea8c.js","component---src-pages-about-tsx-e8f04f7e6c44c812ea8c.js.map"],"children":{},"childAssets":{}},"component---src-pages-blog-tsx":{"chunks":[0,2,1,7],"assets":["0.b6f197430f783b3e67aa.css","0-0ee7eff40466400be16c.js","0-0ee7eff40466400be16c.js.map","2-0c4674fb34c0d86331e7.js","2-0c4674fb34c0d86331e7.js.map","1.167869f1fbf881085fa7.css","1-2d6d4c49b2b6f68f4700.js","1-2d6d4c49b2b6f68f4700.js.map","component---src-pages-blog-tsx-43fca557e6957174bbee.js","component---src-pages-blog-tsx-43fca557e6957174bbee.js.map"],"children":{},"childAssets":{}},"component---src-pages-index-tsx":{"chunks":[0,1,8],"assets":["0.b6f197430f783b3e67aa.css","0-0ee7eff40466400be16c.js","0-0ee7eff40466400be16c.js.map","1.167869f1fbf881085fa7.css","1-2d6d4c49b2b6f68f4700.js","1-2d6d4c49b2b6f68f4700.js.map","component---src-pages-index-tsx-5fcaf2caa7755786a5f5.js","component---src-pages-index-tsx-5fcaf2caa7755786a5f5.js.map"],"children":{},"childAssets":{}}},"assetsByChunkName":{"app":["webpack-runtime-cc10bfb8a258132ee225.js","app-3aade23fd0269ece11c8.js"],"component---node-modules-gatsby-plugin-offline-app-shell-js":["component---node-modules-gatsby-plugin-offline-app-shell-js-28a1e4819dd697d96f36.js"],"component---src-templates-blog-post-tsx":["0.b6f197430f783b3e67aa.css","0-0ee7eff40466400be16c.js","2-0c4674fb34c0d86331e7.js","1.167869f1fbf881085fa7.css","1-2d6d4c49b2b6f68f4700.js","component---src-templates-blog-post-tsx-44dae7cbd21516218b94.js"],"component---src-templates-tags-page-tsx":["0.b6f197430f783b3e67aa.css","0-0ee7eff40466400be16c.js","2-0c4674fb34c0d86331e7.js","1.167869f1fbf881085fa7.css","1-2d6d4c49b2b6f68f4700.js","component---src-templates-tags-page-tsx-601fcafc4be156485c57.js"],"component---src-templates-blog-page-tsx":["0.b6f197430f783b3e67aa.css","0-0ee7eff40466400be16c.js","2-0c4674fb34c0d86331e7.js","1.167869f1fbf881085fa7.css","1-2d6d4c49b2b6f68f4700.js","component---src-templates-blog-page-tsx-debc00c45ad27b7e2061.js"],"component---src-pages-404-tsx":["0.b6f197430f783b3e67aa.css","0-0ee7eff40466400be16c.js","1.167869f1fbf881085fa7.css","1-2d6d4c49b2b6f68f4700.js","component---src-pages-404-tsx-a1ade9759096664d0163.js"],"component---src-pages-about-tsx":["0.b6f197430f783b3e67aa.css","0-0ee7eff40466400be16c.js","1.167869f1fbf881085fa7.css","1-2d6d4c49b2b6f68f4700.js","component---src-pages-about-tsx-e8f04f7e6c44c812ea8c.js"],"component---src-pages-blog-tsx":["0.b6f197430f783b3e67aa.css","0-0ee7eff40466400be16c.js","2-0c4674fb34c0d86331e7.js","1.167869f1fbf881085fa7.css","1-2d6d4c49b2b6f68f4700.js","component---src-pages-blog-tsx-43fca557e6957174bbee.js"],"component---src-pages-index-tsx":["0.b6f197430f783b3e67aa.css","0-0ee7eff40466400be16c.js","1.167869f1fbf881085fa7.css","1-2d6d4c49b2b6f68f4700.js","component---src-pages-index-tsx-5fcaf2caa7755786a5f5.js"]}}